Gabriel Dos Santos,BRA,DF,24,14,14,1260,2,0,0,2,0,2.3,0.2,Arsenal
Aaron Ramsdale,ENG,GK,24,14,14,1260,0,0,0,0,0,0,0,Arsenal
William Saliba,FRA,DF,21,14,14,1245,2,1,0,4,0,0.3,0.9,Arsenal
Gabriel Jesus,BRA,FW,25,14,14,1219,5,5,0,4,0,7.7,2.8,Arsenal
Martinelli,BRA,FW,21,14,14,1181,5,2,0,1,0,3,3.3,Arsenal
Bukayo Saka,ENG,FW,21,14,14,1171,4,6,1,3,0,4.5,2.9,Arsenal
Granit Xhaka,SUI,MF,30,14,14,1166,3,3,0,2,0,1.5,1.8,Arsenal
Ben White,ENG,DF,25,14,14,1150,0,2,0,3,0,0.3,1.1,Arsenal
Martin Ødegaard,NOR,MF,23,13,13,1074,6,2,0,2,0,4.1,2.6,Arsenal
Thomas Partey,GHA,MF,29,11,11,959,2,0,0,1,0,1,0.6,Arsenal
Oleksandr Zinchenko,UKR,DF,25,7,7,559,0,1,0,0,0,0.1,0.4,Arsenal
Takehiro Tomiyasu,JPN,DF,24,11,4,410,0,0,0,1,0,0.1,0.1,Arsenal
Kieran Tierney,SCO,DF,25,12,3,354,0,0,0,0,0,0.3,0.1,Arsenal
Albert Sambi Lokonga,BEL,MF,23,6,2,198,0,0,0,0,0,0,0,Arsenal
Fabio Vieira,POR,MF,22,8,1,246,1,1,0,0,0,0.3,1.1,Arsenal
Mohamed Elneny,EGY,MF,30,3,1,95,0,0,0,0,0,0,0,Arsenal
Eddie Nketiah,ENG,FW,23,12,0,152,0,0,0,0,0,0.7,0.2,Arsenal
Reiss Nelson,ENG,FW,22,2,0,65,2,1,0,0,0,0.6,0.1,Arsenal
Emile Smith Rowe,ENG,MF,22,4,0,51,0,0,0,0,0,0.1,0.3,Arsenal
Cédric Soares,POR,DF,31,2,0,29,0,0,0,0,0,0,0,Arsenal
Rob Holding,ENG,DF,27,4,0,14,0,0,0,0,0,0,0,Arsenal
Marquinhos,BRA,MF,19,1,0,1,0,0,0,0,0,0,0,Arsenal
Ethan Nwaneri,ENG,FW,15,1,0,1,0,0,0,0,0,0,0,Arsenal
Karl Jakob Hein,EST,GK,20,0,0,0,0,0,0,0,0,0,0,Arsenal
Nicolas Pépé,CIV,FW,27,0,0,0,0,0,0,0,0,0,0,Arsenal
Matthew Smith,ENG,MF,22,0,0,0,0,0,0,0,0,0,0,Arsenal
Lino Sousa,ENG,DF,17,0,0,0,0,0,0,0,0,0,0,Arsenal
Matt Turner,USA,GK,28,0,0,0,0,0,0,0,0,0,0,Arsenal
Ederson,BRA,GK,29,14,14,1260,0,1,0,0,0,0,0.2,Manchester-City
João Cancelo,POR,DF,28,14,14,1116,2,1,0,3,1,0.7,0.8,Manchester-City
Kevin De Bruyne,BEL,MF,31,14,13,1131,3,9,0,0,0,2.5,6,Manchester-City
Rodri,ESP,MF,26,13,13,1122,0,3,0,1,0,1.2,0.8,Manchester-City
Bernardo Silva,POR,MF,28,14,12,1068,2,5,0,1,0,1.3,1.8,Manchester-City
Erling Haaland,NOR,FW,22,13,12,1037,18,3,3,2,0,11.1,2.8,Manchester-City
Phil Foden,ENG,FW,22,14,11,908,7,4,0,1,0,3.7,2,Manchester-City
İlkay Gündoğan,GER,MF,32,12,10,891,2,2,0,0,0,2.1,2.1,Manchester-City
Rúben Dias,POR,DF,25,12,9,873,0,0,0,0,0,0.6,0.1,Manchester-City
John Stones,ENG,DF,28,9,8,731,0,2,0,1,0,0.4,1.3,Manchester-City
Manuel Akanji,SUI,DF,27,8,8,701,0,1,0,1,0,0.5,0.1,Manchester-City
Nathan Aké,NED,DF,27,8,7,571,0,0,0,0,0,0.1,0.1,Manchester-City
Kyle Walker,ENG,DF,32,7,7,560,0,0,0,0,0,0.3,0.1,Manchester-City
Jack Grealish,ENG,FW,27,8,6,547,1,0,0,0,0,0.9,1.2,Manchester-City
Riyad Mahrez,ALG,FW,31,9,4,372,1,0,0,1,0,1.2,0.5,Manchester-City
Julián Álvarez,ARG,FW,22,12,3,364,3,0,0,0,0,1.3,0.4,Manchester-City
Aymeric Laporte,ESP,DF,28,4,3,286,0,0,0,0,0,0.2,0.1,Manchester-City
Sergio Gómez,ESP,DF,22,5,0,111,0,1,0,0,0,0.1,0.4,Manchester-City
Cole Palmer,ENG,FW,20,7,0,106,0,0,0,0,0,0.1,0.1,Manchester-City
Rico Lewis,ENG,DF,18,3,0,38,0,0,0,0,0,0,0,Manchester-City
Kalvin Phillips,ENG,MF,26,1,0,2,0,0,0,0,0,0,0,Manchester-City
Scott Carson,ENG,GK,37,0,0,0,0,0,0,0,0,0,0,Manchester-City
Liam Delap,ENG,FW,19,0,0,0,0,0,0,0,0,0,0,Manchester-City
Claudio Gomes,FRA,MF,22,0,0,0,0,0,0,0,0,0,0,Manchester-City
Ben Knight,ENG,MF,20,0,0,0,0,0,0,0,0,0,0,Manchester-City
Luke Mbete-Tatu,ENG,DF,19,0,0,0,0,0,0,0,0,0,0,Manchester-City
Stefan Ortega,GER,GK,30,0,0,0,0,0,0,0,0,0,0,Manchester-City
Josh Wilson-Esbrand,ENG,DF,19,0,0,0,0,0,0,0,0,0,0,Manchester-City
Nick Pope,ENG,GK,30,15,15,1350,0,0,0,2,0,0,0,Newcastle-United
Kieran Trippier,ENG,DF,32,15,15,1324,1,3,0,3,0,0.4,3.7,Newcastle-United
Miguel Almirón,PAR,FW,28,15,15,1255,8,1,0,0,0,4.6,1.1,Newcastle-United
Fabian Schär,SUI,DF,30,14,14,1243,1,0,0,4,0,0.9,0.4,Newcastle-United
Dan Burn,ENG,DF,30,15,14,1224,0,0,0,2,0,0.4,0.1,Newcastle-United
Joe Willock,ENG,MF,23,15,13,1114,2,2,0,0,0,2.9,3.1,Newcastle-United
Joelinton,BRA,MF,26,13,12,1060,1,1,0,5,0,2.3,0.9,Newcastle-United
Sven Botman,NED,DF,22,13,12,1057,0,0,0,0,0,0.3,0.9,Newcastle-United
Bruno Guimarães,BRA,MF,25,12,12,992,3,2,0,1,0,0.8,1.3,Newcastle-United
Sean Longstaff,ENG,MF,25,15,11,1056,1,2,0,2,0,1.2,1.8,Newcastle-United
Callum Wilson,ENG,FW,30,11,10,787,6,2,1,1,0,6.1,0.6,Newcastle-United
Jacob Murphy,ENG,FW,27,15,5,489,1,1,0,0,0,0.8,0.6,Newcastle-United
Matt Targett,ENG,DF,27,10,4,426,0,0,0,0,0,0,0.3,Newcastle-United
Allan Saint-Maximin,FRA,FW,25,7,4,378,1,3,0,1,0,0.8,1.2,Newcastle-United
Ryan Fraser,SCO,FW,28,8,3,313,0,0,0,1,0,0.3,0.4,Newcastle-United
Alexander Isak,SWE,FW,23,3,3,242,2,0,1,0,0,2.2,0.3,Newcastle-United
Chris Wood,NZL,FW,30,14,2,272,1,0,0,0,0,0.5,0.3,Newcastle-United
Jamaal Lascelles,ENG,DF,29,4,1,107,0,0,0,2,0,0.1,0,Newcastle-United
Elliot Anderson,SCO,FW,20,7,0,103,0,0,0,0,0,0.5,0.5,Newcastle-United
Jonjo Shelvey,ENG,MF,30,3,0,37,0,0,0,0,0,0,0,Newcastle-United
Javier Manquillo,ESP,DF,28,1,0,11,0,0,0,0,0,0,0,Newcastle-United
Jamal Lewis,NIR,DF,24,1,0,8,0,0,0,0,0,0,0,Newcastle-United
Emil Krafth,SWE,DF,28,1,0,1,0,0,0,0,0,0,0,Newcastle-United
Matt Ritchie,SCO,FW,33,1,0,1,0,0,0,0,0,0,0,Newcastle-United
Karl Darlow,ENG,GK,32,0,0,0,0,0,0,0,0,0,0,Newcastle-United
Martin Dúbravka,SVK,GK,33,0,0,0,0,0,0,0,0,0,0,Newcastle-United
Paul Dummett,WAL,DF,31,0,0,0,0,0,0,0,0,0,0,Newcastle-United
Loris Karius,GER,GK,29,0,0,0,0,0,0,0,0,0,0,Newcastle-United
Hugo Lloris,FRA,GK,35,15,15,1350,0,0,0,0,0,0,0,Tottenham-Hotspur
Harry Kane,ENG,FW,29,15,15,1335,12,1,2,4,0,9.4,2.4,Tottenham-Hotspur
Eric Dier,ENG,DF,28,15,14,1285,2,0,0,1,0,0.7,0.7,Tottenham-Hotspur
Pierre Højbjerg,DEN,MF,27,14,14,1244,3,2,0,1,0,0.9,1.3,Tottenham-Hotspur
Rodrigo Bentancur,URU,MF,25,14,13,1182,4,2,0,5,0,1.4,0.8,Tottenham-Hotspur
Son Heung-min,KOR,MF,30,13,12,1030,3,2,0,0,0,3.5,2.7,Tottenham-Hotspur
Ben Davies,WAL,DF,29,12,11,995,2,1,0,1,0,0.5,1.3,Tottenham-Hotspur
Emerson,BRA,DF,23,12,11,899,0,1,0,1,1,1,0.3,Tottenham-Hotspur
Ivan Perišić,CRO,DF,33,15,9,833,0,4,0,2,0,0.9,3,Tottenham-Hotspur
Ryan Sessegnon,ENG,DF,22,12,8,662,2,0,0,3,0,1.4,0.7,Tottenham-Hotspur
Cristian Romero,ARG,DF,24,8,7,658,0,0,0,1,0,0.6,0.3,Tottenham-Hotspur
Dejan Kulusevski,SWE,MF,22,9,7,611,1,5,0,0,0,1,2.2,Tottenham-Hotspur
Clément Lenglet,FRA,DF,27,8,7,571,0,1,0,0,0,0.6,0.4,Tottenham-Hotspur
Yves Bissouma,MLI,MF,26,14,6,606,0,0,0,3,0,0.2,0.2,Tottenham-Hotspur
Davinson Sánchez,COL,DF,26,10,6,531,0,0,0,1,0,0.3,0.1,Tottenham-Hotspur
Richarlison,BRA,MF,25,10,5,439,0,2,0,2,0,1.6,1.3,Tottenham-Hotspur
Matt Doherty,IRL,DF,30,8,3,351,0,0,0,0,0,0.2,0.1,Tottenham-Hotspur
Oliver Skipp,ENG,MF,22,6,2,130,0,0,0,1,0,0.1,0.2,Tottenham-Hotspur
Lucas Moura,BRA,MF,30,8,0,98,0,0,0,0,0,0.1,0,Tottenham-Hotspur
Bryan,ESP,MF,21,1,0,7,0,0,0,0,0,0,0,Tottenham-Hotspur
Djed Spence,ENG,DF,22,3,0,4,0,0,0,0,0,0.1,0,Tottenham-Hotspur
Fraser Forster,ENG,GK,34,0,0,0,0,0,0,0,0,0,0,Tottenham-Hotspur
Pape Matar Sarr,SEN,MF,20,0,0,0,0,0,0,0,0,0,0,Tottenham-Hotspur
Japhet Tanganga,ENG,DF,23,0,0,0,0,0,0,0,0,0,0,Tottenham-Hotspur
Harvey White,ENG,MF,21,0,0,0,0,0,0,0,0,0,0,Tottenham-Hotspur
David de Gea,ESP,GK,32,14,14,1260,0,0,0,0,0,0,0.1,Manchester-United
Lisandro Martínez,ARG,DF,24,14,14,1204,0,0,0,3,0,0.1,0,Manchester-United
Bruno Fernandes,POR,MF,28,13,13,1169,2,1,0,5,0,2,3.2,Manchester-United
Diogo Dalot,POR,DF,23,13,13,1165,0,1,0,5,0,0.6,1.3,Manchester-United
Marcus Rashford,ENG,FW,25,14,13,1126,4,2,0,1,0,4.2,2,Manchester-United
Christian Eriksen,DEN,MF,30,13,12,1043,1,4,0,1,0,2.4,1.8,Manchester-United
Jadon Sancho,ENG,FW,22,10,10,714,2,1,0,0,0,1.6,0.8,Manchester-United
Luke Shaw,ENG,DF,27,10,9,783,0,1,0,3,0,0.2,1.4,Manchester-United
Raphaël Varane,FRA,DF,29,10,8,684,0,0,0,1,0,0,0.1,Manchester-United
Casemiro,BRA,MF,30,11,7,712,1,1,0,2,0,0.5,0.8,Manchester-United
Scott McTominay,SCO,MF,25,12,6,640,0,0,0,5,0,0.7,0.2,Manchester-United
Tyrell Malacia,NED,DF,23,9,6,567,0,0,0,2,0,0,0,Manchester-United
Antony,BRA,FW,22,6,6,491,3,0,0,1,0,1.6,0.4,Manchester-United
Anthony Elanga,SWE,FW,20,10,5,369,0,1,0,0,0,0.5,0.8,Manchester-United
Cristiano Ronaldo,POR,FW,37,10,4,525,1,0,0,2,0,1.9,0.4,Manchester-United
Fred,BRA,MF,29,11,4,398,1,0,0,2,0,0.8,0.8,Manchester-United
Victor Lindelöf,SWE,DF,28,5,3,352,0,0,0,0,0,0,0,Manchester-United
Harry Maguire,ENG,DF,29,4,3,281,0,0,0,3,0,0.2,0,Manchester-United
Anthony Martial,FRA,FW,26,5,2,201,2,2,1,0,0,1.7,0.8,Manchester-United
Donny van de Beek,NED,MF,25,4,1,87,0,0,0,0,0,0,0,Manchester-United
Alejandro Garnacho,ESP,FW,18,3,1,84,1,0,0,1,0,0.4,0,Manchester-United
Aaron Wan-Bissaka,ENG,DF,25,1,0,5,0,0,0,0,0,0,0,Manchester-United
Nathan Bishop,ENG,GK,23,0,0,0,0,0,0,0,0,0,0,Manchester-United
Tom Heaton,ENG,GK,36,0,0,0,0,0,0,0,0,0,0,Manchester-United
Zidane Iqbal,IRQ,MF,19,0,0,0,0,0,0,0,0,0,0,Manchester-United
Matej Kovar,CZE,GK,22,0,0,0,0,0,0,0,0,0,0,Manchester-United
Kobbie Mainoo,ENG,MF,17,0,0,0,0,0,0,0,0,0,0,Manchester-United
Facundo Pellistri,URU,FW,20,0,0,0,0,0,0,0,0,0,0,Manchester-United
Shola Shoretire,ENG,MF,18,0,0,0,0,0,0,0,0,0,0,Manchester-United
Alisson,BRA,GK,30,14,14,1260,0,1,0,0,0,0,0.3,Liverpool
Virgil van Dijk,NED,DF,31,14,14,1260,1,0,0,1,0,1,0,Liverpool
Mohamed Salah,EGY,FW,30,14,14,1236,6,3,0,0,0,7,2.2,Liverpool
Trent Alexander-Arnold,ENG,DF,24,14,12,989,1,0,0,2,0,1.1,2.2,Liverpool
Fabinho,BRA,MF,29,14,11,997,0,0,0,2,0,0.2,0.5,Liverpool
Roberto Firmino,BRA,FW,31,13,11,929,7,3,0,0,0,4.2,1.8,Liverpool
Andrew Robertson,SCO,DF,28,12,10,861,0,4,0,0,0,0.4,2.4,Liverpool
Harvey Elliott,ENG,MF,19,14,10,859,1,1,0,0,0,1,2.2,Liverpool
Joe Gomez,ENG,DF,25,12,9,887,0,0,0,2,0,0.1,0.2,Liverpool
Thiago Alcántara,ESP,MF,31,8,8,644,0,0,0,1,0,0.1,0.6,Liverpool
Jordan Henderson,ENG,MF,32,12,7,648,0,0,0,0,0,0.5,1,Liverpool
Luis Díaz,COL,FW,25,8,7,613,3,2,0,2,0,1.7,1,Liverpool
Darwin Núñez,URU,FW,23,10,7,604,5,2,0,0,1,4.7,2.3,Liverpool
James Milner,ENG,DF,36,12,4,469,0,1,0,0,0,0.3,0.7,Liverpool
Kostas Tsimikas,GRE,DF,26,10,4,367,0,3,0,1,0,0.2,0.7,Liverpool
Fabio Carvalho,POR,MF,20,11,4,337,2,0,0,0,0,1.1,0.1,Liverpool
Joël Matip,CMR,DF,31,4,3,259,0,0,0,0,0,0,0,Liverpool
Diogo Jota,POR,FW,25,4,2,196,0,1,0,1,0,0.8,0.8,Liverpool
Curtis Jones,ENG,MF,21,4,1,172,0,0,0,0,0,0.2,0.2,Liverpool
Ibrahima Konaté,FRA,DF,23,2,1,112,0,0,0,0,0,0,0,Liverpool
Nathaniel Phillips,ENG,DF,25,2,1,66,0,0,0,0,0,0,0,Liverpool
Alex Oxlade-Chamberlain,ENG,FW,29,3,0,32,0,0,0,0,0,0,0.1,Liverpool
Stefan Bajcetic,ESP,MF,18,1,0,21,0,0,0,0,0,0,0,Liverpool
Bobby Clark,ENG,MF,17,1,0,8,0,0,0,0,0,0,0,Liverpool
Adrián,ESP,GK,35,0,0,0,0,0,0,0,0,0,0,Liverpool
Luke Chambers,ENG,DF,18,0,0,0,0,0,0,0,0,0,0,Liverpool
Harvey Davies,ENG,GK,19,0,0,0,0,0,0,0,0,0,0,Liverpool
Sepp van den Berg,NED,DF,20,0,0,0,0,0,0,0,0,0,0,Liverpool
Ben Doak,SCO,FW,17,0,0,0,0,0,0,0,0,0,0,Liverpool
Naby Keïta,GUI,MF,27,0,0,0,0,0,0,0,0,0,0,Liverpool
Caoimhín Kelleher,IRL,GK,24,0,0,0,0,0,0,0,0,0,0,Liverpool
Arthur Melo,BRA,MF,26,0,0,0,0,0,0,0,0,0,0,Liverpool
Calvin Ramsay,SCO,DF,19,0,0,0,0,0,0,0,0,0,0,Liverpool
Lewis Dunk,ENG,DF,31,14,14,1260,0,0,0,0,0,0.7,0.1,Brighton-and-Hove-Albion
Robert Sánchez,ESP,GK,25,14,14,1260,0,0,0,0,0,0,0,Brighton-and-Hove-Albion
Alexis Mac Allister,ARG,MF,23,14,14,1256,5,0,3,4,0,3.6,0.8,Brighton-and-Hove-Albion
Moisés Caicedo,ECU,MF,21,14,14,1245,1,0,0,4,0,0.8,0.8,Brighton-and-Hove-Albion
Solly March,ENG,DF,28,14,14,1214,0,2,0,1,0,2.6,1.3,Brighton-and-Hove-Albion
Pascal Groß,GER,MF,31,14,14,1192,5,2,0,2,0,2.7,3.4,Brighton-and-Hove-Albion
Leandro Trossard,BEL,FW,27,14,14,1174,7,2,0,1,0,4.3,1.9,Brighton-and-Hove-Albion
Adam Webster,ENG,DF,27,13,13,1170,0,0,0,1,0,1.2,0,Brighton-and-Hove-Albion
Danny Welbeck,ENG,FW,32,13,11,996,0,2,0,0,0,3,1.8,Brighton-and-Hove-Albion
Joël Veltman,NED,DF,30,13,11,947,0,0,0,1,0,0.5,0.2,Brighton-and-Hove-Albion
Pervis Estupiñán,ECU,DF,24,11,8,631,0,0,0,3,0,0.1,1.7,Brighton-and-Hove-Albion
Adam Lallana,ENG,MF,34,11,8,489,1,1,0,0,0,0.8,0.8,Brighton-and-Hove-Albion
Kaoru Mitoma,JPN,FW,25,9,2,314,1,1,0,0,0,0.2,2.2,Brighton-and-Hove-Albion
Enock Mwepu,ZAM,FW,24,6,2,213,0,1,0,0,0,0.2,0.5,Brighton-and-Hove-Albion
Levi Colwill,ENG,DF,19,3,1,103,0,0,0,0,0,0.2,0,Brighton-and-Hove-Albion
Tariq Lamptey,GHA,DF,22,11,0,188,0,0,0,1,0,0,0.1,Brighton-and-Hove-Albion
Deniz Undav,GER,FW,26,8,0,101,0,0,0,0,0,0.6,0.2,Brighton-and-Hove-Albion
Julio César Enciso,PAR,MF,18,2,0,80,0,0,0,1,0,0.3,0,Brighton-and-Hove-Albion
Billy Gilmour,SCO,MF,21,4,0,16,0,0,0,0,0,0,0,Brighton-and-Hove-Albion
Jeremy Sarmiento,ECU,MF,20,2,0,8,0,0,0,0,0,0,0,Brighton-and-Hove-Albion
Jan Paul van Hecke,NED,DF,22,1,0,3,0,0,0,0,0,0,0,Brighton-and-Hove-Albion
Steven Alzate,COL,MF,24,0,0,0,0,0,0,0,0,0,0,Brighton-and-Hove-Albion
Evan Ferguson,IRL,FW,18,0,0,0,0,0,0,0,0,0,0,Brighton-and-Hove-Albion
James Furlong,IRL,DF,20,0,0,0,0,0,0,0,0,0,0,Brighton-and-Hove-Albion
Andrew Moran,IRL,DF,19,0,0,0,0,0,0,0,0,0,0,Brighton-and-Hove-Albion
Jason Steele,ENG,GK,32,0,0,0,0,0,0,0,0,0,0,Brighton-and-Hove-Albion
Ed Turns,WAL,DF,20,0,0,0,0,0,0,0,0,0,0,Brighton-and-Hove-Albion
Mason Mount,ENG,MF,23,14,13,1030,2,2,0,2,0,1.5,1.6,Chelsea
Ruben Loftus-Cheek,ENG,MF,26,14,12,954,0,0,0,1,0,0.8,0.9,Chelsea
Thiago Silva,BRA,DF,38,12,11,1074,0,2,0,1,0,0.5,0.4,Chelsea
Raheem Sterling,ENG,FW,27,12,11,950,3,1,0,3,0,3,2.1,Chelsea
Jorginho,ITA,MF,30,13,11,903,2,0,2,3,0,1.7,0.2,Chelsea
Kai Havertz,GER,FW,23,13,11,883,3,0,0,3,0,2.8,0.4,Chelsea
Marc Cucurella,ESP,DF,24,13,11,847,0,2,0,2,0,0.3,0.3,Chelsea
Edouard Mendy,SEN,GK,30,9,8,765,0,0,0,1,0,0,0,Chelsea
Kalidou Koulibaly,SEN,DF,31,9,8,742,1,0,0,4,1,0.4,0.2,Chelsea
Trevoh Chalobah,ENG,DF,23,8,8,720,0,0,0,1,0,0.3,0,Chelsea
César Azpilicueta,ESP,DF,33,11,7,672,0,0,0,2,0,0.1,0.7,Chelsea
Conor Gallagher,ENG,MF,22,12,7,498,1,1,0,3,1,0.5,1.3,Chelsea
Reece James,ENG,DF,22,7,6,559,1,1,0,3,0,0.7,1.6,Chelsea
Kepa Arrizabalaga,ESP,GK,28,6,6,495,0,0,0,0,0,0,0,Chelsea
Mateo Kovačić,CRO,MF,28,11,5,635,0,1,0,2,0,0.3,0.5,Chelsea
Ben Chilwell,ENG,DF,25,9,4,419,1,1,0,1,0,0.3,0.1,Chelsea
Pierre-Emerick Aubameyang,GAB,FW,33,6,4,305,1,0,0,1,0,0.2,0.3,Chelsea
Christian Pulisic,USA,FW,24,13,3,421,1,1,0,1,0,0.9,0.5,Chelsea
Armando Broja,ALB,FW,21,12,2,294,1,0,0,0,0,0.8,0.1,Chelsea
Wesley Fofana,FRA,DF,21,2,2,180,0,0,0,0,0,0,0,Chelsea
N'Golo Kanté,FRA,MF,31,2,2,174,0,0,0,0,0,0.1,0.3,Chelsea
Hakim Ziyech,MAR,MF,29,5,1,152,0,0,0,0,0,0.2,0.1,Chelsea
Lewis Hall,ENG,DF,18,1,1,72,0,0,0,0,0,0,0.1,Chelsea
Carney Chukwuemeka,ENG,MF,19,3,0,46,0,0,0,0,0,0.1,0,Chelsea
Ethan Ampadu,WAL,DF,22,0,0,0,0,0,0,0,0,0,0,Chelsea
Marcus Bettinelli,ENG,GK,30,0,0,0,0,0,0,0,0,0,0,Chelsea
Callum Hudson-Odoi,ENG,FW,22,0,0,0,0,0,0,0,0,0,0,Chelsea
Omari Hutchinson,ENG,DF,19,0,0,0,0,0,0,0,0,0,0,Chelsea
Harvey Vale,ENG,MF,19,0,0,0,0,0,0,0,0,0,0,Chelsea
Denis Zakaria,SUI,MF,26,0,0,0,0,0,0,0,0,0,0,Chelsea
Tim Ream,USA,DF,35,15,15,1347,0,0,0,1,0,0.2,0,Fulham
Andreas Pereira,BRA,MF,26,15,15,1240,2,4,1,3,0,2.2,2.8,Fulham
João Palhinha,POR,MF,27,14,14,1251,2,0,0,5,0,0.8,0,Fulham
Bobby Reid,JAM,FW,29,14,14,1211,3,1,0,6,0,2.5,0.6,Fulham
Harrison Reed,ENG,MF,27,14,14,1175,2,1,0,5,0,1,1.6,Fulham
Bernd Leno,GER,GK,30,13,13,1170,0,0,0,0,0,0,0,Fulham
Antonee Robinson,USA,DF,25,13,13,1108,0,0,0,4,0,0,0.3,Fulham
Aleksandar Mitrović,SRB,FW,28,12,12,1017,9,0,3,4,0,7.7,1.3,Fulham
Tosin Adarabioyo,ENG,DF,25,10,10,900,1,0,0,0,0,0.1,0,Fulham
Neeskens Kebano,COD,FW,30,12,9,713,0,3,0,0,0,0.5,1.4,Fulham
Kenny Tete,NED,DF,27,9,8,708,0,3,0,5,0,0.1,0.3,Fulham
Issa Diop,FRA,DF,25,8,6,598,1,0,0,1,0,0.3,0,Fulham
Willian,BRA,FW,34,8,6,564,1,1,0,0,0,1.7,1.2,Fulham
Carlos Vinícius,BRA,FW,27,9,3,327,0,0,0,1,0,0.3,0.4,Fulham
Daniel James,WAL,FW,25,8,3,307,1,0,0,0,0,1.3,0.3,Fulham
Harry Wilson,WAL,FW,25,7,3,268,0,0,0,0,0,0.4,0.1,Fulham
Marek Rodák,SVK,GK,25,2,2,180,0,0,0,0,0,0,0,Fulham
Tom Cairney,SCO,MF,31,15,1,343,0,0,0,0,0,0.4,0.5,Fulham
Kevin Mbabu,SUI,DF,27,6,1,144,0,1,0,1,0,0,0.4,Fulham
Jay Stansfield,ENG,FW,20,3,1,87,0,0,0,0,0,0.3,0.1,Fulham
Layvin Kurzawa,FRA,DF,30,1,1,44,0,0,0,0,0,0,0,Fulham
Nathaniel Chalobah,ENG,MF,27,3,1,11,0,0,0,0,1,0.1,0,Fulham
Manor Solomon,ISR,FW,23,1,0,25,0,0,0,0,0,0,0,Fulham
Josh Onomah,ENG,MF,25,2,0,15,0,0,0,0,0,0,0,Fulham
Luke Harris,WAL,FW,17,2,0,7,0,0,0,0,0,0,0,Fulham
Shane Duffy,IRL,FW,30,4,0,6,0,0,0,0,0,0,0,Fulham
Tyrese Francois,AUS,FW,22,1,0,1,0,0,0,0,0,0,0,Fulham
Terry Ablade,FIN,FW,21,0,0,0,0,0,0,0,0,0,0,Fulham
Rodrigo Muniz,BRA,FW,21,0,0,0,0,0,0,0,0,0,0,Fulham
Stefan Parkes,ENG,DF,18,0,0,0,0,0,0,0,0,0,0,Fulham
Kristian Sekularac,ENG,MF,18,0,0,0,0,0,0,0,0,0,0,Fulham
David Raya,ESP,GK,27,15,15,1350,0,0,0,0,0,0,0,Brentford
Rico Henry,ENG,DF,25,15,15,1346,0,1,0,0,0,0.5,0.8,Brentford
Mathias Jensen,DEN,MF,26,15,15,1127,1,3,0,2,0,0.5,2,Brentford
Bryan Mbeumo,CMR,FW,23,15,15,1120,3,1,1,3,0,3.6,1.6,Brentford
Ivan Toney,ENG,FW,26,14,14,1260,10,2,3,5,0,8,2.1,Brentford
Ben Mee,ENG,DF,33,14,14,1208,2,0,0,1,0,1.2,0.1,Brentford
Vitaly Janelt,GER,MF,24,15,11,990,1,1,0,1,0,1,0.7,Brentford
Aaron Hickey,SCO,DF,20,9,8,679,0,0,0,4,0,0.1,0,Brentford
Josh Dasilva,ENG,MF,24,15,7,687,2,1,0,1,0,0.5,1.1,Brentford
Ethan Pinnock,JAM,DF,29,7,7,630,0,0,0,0,0,0.1,0.1,Brentford
Yoane Wissa,COD,FW,26,15,6,642,3,1,0,1,0,2.6,1,Brentford
Pontus Jansson,SWE,DF,31,6,6,514,0,0,0,0,0,0,0,Brentford
Kristoffer Ajer,NOR,DF,24,6,6,502,0,0,0,0,0,0,0,Brentford
Mathias Jørgensen,DEN,DF,32,8,5,457,0,0,0,0,0,0.4,0.1,Brentford
Mads Roerslev,DEN,DF,23,7,5,433,0,0,0,0,0,0.1,0.5,Brentford
Frank Onyeka,NGA,MF,24,12,4,442,0,1,0,0,0,0.4,0.5,Brentford
Shandon Baptiste,GRN,MF,24,12,4,431,0,0,0,1,0,0.2,0.7,Brentford
Christian Nørgaard,DEN,MF,28,5,4,338,1,0,0,0,0,0.4,0.1,Brentford
Keane Lewis-Potter,ENG,FW,21,7,3,287,0,1,0,0,0,0.5,1.2,Brentford
Mikkel Damsgaard,DEN,MF,22,9,1,267,0,0,0,2,0,0.4,0.4,Brentford
Sergi Canós,ESP,FW,25,4,0,74,0,0,0,0,0,0.1,0,Brentford
Saman Ghoddos,IRN,MF,29,6,0,38,0,0,0,0,0,0,0,Brentford
Mads Bech Sørensen,DEN,DF,23,3,0,20,0,0,0,0,0,0,0,Brentford
Halil Dervişoğlu,TUR,MF,22,1,0,8,0,0,0,0,0,0,0,Brentford
Matthew Cox,ENG,GK,19,0,0,0,0,0,0,0,0,0,0,Brentford
Tristan Crama,FRA,MF,21,0,0,0,0,0,0,0,0,0,0,Brentford
Finley Stevens,WAL,DF,19,0,0,0,0,0,0,0,0,0,0,Brentford
Thomas Strakosha,ALB,GK,27,0,0,0,0,0,0,0,0,0,0,Brentford
Ryan Trevitt,ENG,MF,19,0,0,0,0,0,0,0,0,0,0,Brentford
Yehor Yarmoliuk,UKR,MF,18,0,0,0,0,0,0,0,0,0,0,Brentford
Vicente Guaita,ESP,GK,35,14,14,1260,0,0,0,1,0,0,0,Crystal-Palace
Marc Guéhi,ENG,DF,22,14,14,1260,0,0,0,5,0,0.2,0.1,Crystal-Palace
Eberechi Eze,ENG,MF,24,14,14,1139,2,3,0,0,0,2,2.1,Crystal-Palace
Joachim Andersen,DEN,DF,26,13,13,1170,1,0,0,2,0,0.9,0.4,Crystal-Palace
Wilfried Zaha,CIV,FW,30,13,13,1147,6,2,0,3,0,4.6,1.6,Crystal-Palace
Jeffrey Schlupp,GHA,MF,29,14,12,1094,0,0,0,3,0,1,0.3,Crystal-Palace
Tyrick Mitchell,ENG,DF,23,14,12,977,0,2,0,2,0,0.1,0.6,Crystal-Palace
Cheick Doucouré,MLI,MF,22,12,12,963,0,1,0,4,0,0.4,1,Crystal-Palace
Joel Ward,ENG,DF,33,12,11,1021,0,0,0,4,0,0,0.1,Crystal-Palace
Jordan Ayew,GHA,FW,31,14,11,904,0,1,0,1,0,0.7,1.2,Crystal-Palace
Odsonne Édouard,FRA,FW,24,13,9,767,3,2,0,3,0,1.9,0.8,Crystal-Palace
Michael Olise,FRA,MF,20,13,8,754,1,2,0,1,0,0.9,1.7,Crystal-Palace
Nathaniel Clyne,ENG,DF,31,8,7,580,0,0,0,1,0,0,0.3,Crystal-Palace
Jean-Philippe Mateta,FRA,FW,25,11,2,283,1,0,0,2,0,1.2,0.5,Crystal-Palace
Luka Milivojević,SRB,MF,31,9,2,279,0,0,0,0,0,0.2,0,Crystal-Palace
Will Hughes,ENG,MF,27,8,0,92,0,0,0,0,0,0.1,0,Crystal-Palace
James Tomkins,ENG,DF,33,1,0,48,0,0,0,0,0,0,0,Crystal-Palace
Chris Richards,USA,DF,22,3,0,47,0,0,0,0,0,0.1,0.3,Crystal-Palace
Jaïro Riedewald,NED,DF,26,3,0,41,0,0,0,0,0,0,0,Crystal-Palace
Malcolm Ebiowei,ENG,MF,19,3,0,34,0,0,0,0,0,0,0,Crystal-Palace
Kofi Balmer,NIR,DF,22,0,0,0,0,0,0,0,0,0,0,Crystal-Palace
Owen Goodman,ENG,GK,19,0,0,0,0,0,0,0,0,0,0,Crystal-Palace
John-Kymani Gordon,ENG,FW,19,0,0,0,0,0,0,0,0,0,0,Crystal-Palace
Sam Johnstone,ENG,GK,29,0,0,0,0,0,0,0,0,0,0,Crystal-Palace
Killian Phillips,IRL,DF,20,0,0,0,0,0,0,0,0,0,0,Crystal-Palace
Luke Plange,ENG,FW,20,0,0,0,0,0,0,0,0,0,0,Crystal-Palace
Kaden Rodney,ENG,MF,18,0,0,0,0,0,0,0,0,0,0,Crystal-Palace
Jack Wells-Morrison,ENG,MF,18,0,0,0,0,0,0,0,0,0,0,Crystal-Palace
Joseph Whitworth,ENG,GK,18,0,0,0,0,0,0,0,0,0,0,Crystal-Palace
Emiliano Martínez,ARG,GK,30,15,15,1294,0,0,0,2,0,0,0.3,Aston-Villa
Ezri Konsa,ENG,DF,25,15,14,1261,0,0,0,2,0,0.5,0.5,Aston-Villa
Ollie Watkins,ENG,FW,26,14,13,1172,2,3,0,1,0,4.3,1.9,Aston-Villa
Tyrone Mings,ENG,DF,29,13,13,1170,0,0,0,3,0,0,0.1,Aston-Villa
John McGinn,SCO,MF,28,15,12,1056,0,0,0,4,0,1,0.7,Aston-Villa
Matty Cash,POL,DF,25,13,12,1028,0,0,0,3,0,0.2,0.7,Aston-Villa
Jacob Ramsey,ENG,MF,21,15,12,1021,2,2,0,4,0,1.1,1.2,Aston-Villa
Leon Bailey,JAM,FW,25,14,11,827,3,2,0,4,0,1.9,2,Aston-Villa
Douglas Luiz,BRA,MF,24,14,10,930,1,2,0,1,1,0.2,1.3,Aston-Villa
Lucas Digne,FRA,DF,29,10,9,811,1,0,0,2,0,0.2,0.5,Aston-Villa
Danny Ings,ENG,FW,30,14,8,726,5,0,2,3,0,3.8,0.4,Aston-Villa
Boubacar Kamara,FRA,MF,23,9,8,669,0,0,0,2,0,0,0.1,Aston-Villa
Ashley Young,ENG,DF,37,11,7,729,1,0,0,3,0,0.2,0.7,Aston-Villa
Emi Buendía,ARG,FW,25,15,7,726,1,0,0,0,0,2.6,0.8,Aston-Villa
Philippe Coutinho,BRA,MF,30,12,6,571,0,0,0,2,0,1,0.3,Aston-Villa
Leander Dendoncker,BEL,MF,27,8,3,300,0,0,0,0,0,0,0.3,Aston-Villa
Diego Carlos,BRA,DF,29,2,2,179,0,0,0,0,0,0.4,0,Aston-Villa
Calum Chambers,ENG,DF,27,3,1,101,0,0,0,0,0,0,0,Aston-Villa
Jan Bednarek,POL,DF,26,2,1,91,0,0,0,0,0,0,0,Aston-Villa
Ludwig Augustinsson,SWE,DF,28,2,1,53,0,0,0,1,0,0,0,Aston-Villa
Robin Olsen,SWE,GK,32,1,0,56,0,0,0,0,0,0,0,Aston-Villa
Cameron Archer,ENG,FW,21,6,0,49,0,0,0,0,0,0,0,Aston-Villa
Morgan Sanson,FRA,MF,28,1,0,1,0,0,0,0,0,0,0,Aston-Villa
Lamare Bogarde,NED,MF,18,0,0,0,0,0,0,0,0,0,0,Aston-Villa
Tim Iroegbunam,ENG,MF,19,0,0,0,0,0,0,0,0,0,0,Aston-Villa
Marvelous Nakamba,ZIM,MF,28,0,0,0,0,0,0,0,0,0,0,Aston-Villa
Danny Ward,WAL,GK,29,15,15,1350,0,0,0,0,0,0,0,Leicester-City
James Justin,ENG,DF,24,14,14,1252,0,0,0,0,0,0.3,0.3,Leicester-City
Youri Tielemans,BEL,MF,25,15,14,1165,3,1,1,1,0,2,2.4,Leicester-City
Kiernan Dewsbury-Hall,ENG,MF,24,15,14,1134,1,2,0,1,0,0.7,2.1,Leicester-City
Timothy Castagne,BEL,DF,26,14,13,1191,1,2,0,0,0,1.4,1.1,Leicester-City
James Maddison,ENG,MF,26,13,13,1098,7,4,0,5,0,2.6,2.9,Leicester-City
Harvey Barnes,ENG,MF,24,13,13,1086,6,0,0,0,0,3.5,0.6,Leicester-City
Daniel Amartey,GHA,DF,27,12,10,915,0,0,0,0,0,0.1,0.5,Leicester-City
Jonny Evans,NIR,DF,34,9,9,810,0,0,0,0,0,0.2,0,Leicester-City
Wout Faes,BEL,DF,24,9,9,810,0,0,0,1,0,0.3,0.3,Leicester-City
Boubakary Soumaré,FRA,MF,23,11,9,668,0,0,0,3,0,0,0.1,Leicester-City
Jamie Vardy,ENG,FW,35,15,8,751,1,4,0,1,0,2.1,0.4,Leicester-City
Patson Daka,ZAM,FW,24,14,7,642,3,2,0,2,0,2.3,1.8,Leicester-City
Wilfred Ndidi,NGA,MF,25,10,7,638,0,0,0,2,0,0.1,0,Leicester-City
Luke Thomas,ENG,DF,21,4,3,273,0,0,0,1,0,0,0,Leicester-City
Dennis Praet,BEL,MF,28,7,2,266,0,0,0,1,0,0.2,0,Leicester-City
Kelechi Iheanacho,NGA,FW,26,10,1,219,1,1,0,0,0,1.5,0.6,Leicester-City
Ayoze Pérez,ESP,MF,29,5,1,148,0,1,0,0,0,0.4,1.2,Leicester-City
Çağlar Söyüncü,TUR,DF,26,1,1,71,0,0,0,0,0,0,0,Leicester-City
Nampalys Mendy,SEN,MF,30,6,0,152,0,0,0,0,0,0.1,0,Leicester-City
Marc Albrighton,ENG,MF,33,3,0,31,0,0,0,0,0,0,0,Leicester-City
Samuel Braybrooke,ENG,MF,18,0,0,0,0,0,0,0,0,0,0,Leicester-City
Lewis Brunt,ENG,DF,22,0,0,0,0,0,0,0,0,0,0,Leicester-City
Daniel Iversen,DEN,GK,25,0,0,0,0,0,0,0,0,0,0,Leicester-City
Jannik Vestergaard,DEN,DF,30,0,0,0,0,0,0,0,0,0,0,Leicester-City
Jefferson Lerma,COL,MF,28,15,15,1350,2,0,0,3,0,1.2,0.3,Bournemouth
Adam Smith,ENG,DF,31,15,15,1305,0,1,0,4,0,0.4,0.4,Bournemouth
Marcus Tavernier,ENG,MF,23,15,15,1283,2,4,0,1,0,1.7,2.2,Bournemouth
Chris Mepham,WAL,DF,25,14,14,1251,0,0,0,5,0,0.3,0.1,Bournemouth
Lewis Cook,ENG,MF,25,15,13,1193,0,2,0,2,0,0.1,2,Bournemouth
Philip Billing,DEN,MF,26,15,13,1133,4,1,0,1,0,1.2,1.2,Bournemouth
Dominic Solanke,ENG,FW,25,13,12,1071,3,3,0,0,0,2.4,1.1,Bournemouth
Marcos Senesi,ARG,DF,25,12,11,939,0,0,0,1,0,0.1,0.2,Bournemouth
Jordan Zemura,ZIM,DF,23,11,9,788,0,1,0,1,0,0,0.9,Bournemouth
Ryan Christie,SCO,MF,27,13,9,718,1,0,0,1,0,1.3,0.3,Bournemouth
Kieffer Moore,WAL,FW,30,15,8,750,4,0,0,0,0,2,0.3,Bournemouth
Neto,BRA,GK,33,8,8,675,0,0,0,2,0,0,0,Bournemouth
Mark Travers,IRL,GK,23,8,7,675,0,0,0,0,0,0,0,Bournemouth
Ryan Fredericks,ENG,DF,30,8,5,451,0,0,0,1,0,0,0.1,Bournemouth
Lloyd Kelly,ENG,DF,24,5,5,450,0,2,0,0,0,0,0.1,Bournemouth
Ben Pearson,ENG,MF,27,5,3,214,0,0,0,1,0,0,0,Bournemouth
Jaidon Anthony,ENG,FW,22,10,1,272,2,0,0,0,0,0.9,0.1,Bournemouth
Jack Stacey,ENG,DF,26,6,1,134,0,0,0,1,0,0.1,0,Bournemouth
Jack Stephens,ENG,DF,28,3,1,93,0,0,0,0,0,0,0.1,Bournemouth
Junior Stanislas,ENG,MF,33,4,0,61,0,0,0,0,0,0,0.1,Bournemouth
Joe Rothwell,ENG,MF,27,2,0,17,0,0,0,0,0,0,0,Bournemouth
Owen Bevan,WAL,DF,19,1,0,9,0,0,0,0,0,0,0,Bournemouth
Emiliano Marcondes,DEN,MF,27,1,0,9,0,0,0,0,0,0,0,Bournemouth
Siriki Dembélé,CIV,FW,26,1,0,8,0,0,0,0,0,0,0,Bournemouth
Jamal Lowe,JAM,FW,28,1,0,1,0,0,0,0,0,0,0,Bournemouth
Will Dennis,ENG,GK,22,0,0,0,0,0,0,0,0,0,0,Bournemouth
James Hill,ENG,DF,20,0,0,0,0,0,0,0,0,0,0,Bournemouth
Cameron Plain,ENG,GK,20,0,0,0,0,0,0,0,0,0,0,Bournemouth
Christian Saydee,LBR,MF,20,0,0,0,0,0,0,0,0,0,0,Bournemouth
Illan Meslier,FRA,GK,22,14,14,1260,0,0,0,0,0,0,0,Leeds-United
Robin Koch,GER,DF,26,14,14,1215,0,0,0,3,0,0.2,0,Leeds-United
Brenden Aaronson,USA,MF,22,14,14,1189,1,2,0,2,0,1.9,2.9,Leeds-United
Marc Roca,ESP,MF,26,14,14,1031,1,1,0,3,0,0.9,0.5,Leeds-United
Tyler Adams,USA,MF,23,13,13,1166,0,0,0,4,1,0,0.9,Leeds-United
Pascal Struijk,NED,DF,23,13,13,1164,1,1,0,2,0,0.9,2.3,Leeds-United
Rasmus Nissen,DEN,DF,25,12,12,1048,0,1,0,4,0,0.4,0.8,Leeds-United
Jack Harrison,ENG,FW,26,13,12,937,1,3,0,2,0,1.3,1.9,Leeds-United
Rodrigo,ESP,FW,31,13,12,886,9,1,1,1,0,5.4,1.2,Leeds-United
Liam Cooper,SCO,DF,31,8,7,675,1,0,0,1,0,0.4,0.4,Leeds-United
Diego Llorente,ESP,DF,29,7,7,630,0,0,0,1,0,0.7,0,Leeds-United
Luis Sinisterra,COL,FW,23,9,6,453,2,0,0,3,1,1.5,0.2,Leeds-United
Crysencio Summerville,NED,FW,21,10,4,473,4,0,0,1,0,1.5,0.3,Leeds-United
Patrick Bamford,ENG,FW,29,10,4,429,0,1,0,0,0,4.1,0.3,Leeds-United
Sam Greenwood,ENG,MF,20,6,1,188,1,1,0,0,0,0.5,0.3,Leeds-United
Joe Gelhardt,ENG,FW,20,11,1,169,0,1,0,1,0,0.7,0.1,Leeds-United
Luke Ayling,ENG,DF,31,7,1,159,0,1,0,0,0,0.2,0.1,Leeds-United
Junior Firpo,ESP,DF,26,2,1,114,0,0,0,0,0,0,0.1,Leeds-United
Degnand Gnonto,ITA,FW,19,3,1,109,0,1,0,0,0,0,0.6,Leeds-United
Cody Drameh,ENG,DF,20,1,1,69,0,0,0,0,0,0,0,Leeds-United
Mateusz Klich,POL,MF,32,11,0,199,0,0,0,1,0,0.1,0.2,Leeds-United
Adam Forshaw,ENG,MF,31,3,0,50,0,0,0,0,0,0,0.4,Leeds-United
Mateo Fernández,ESP,MF,19,1,0,2,0,0,0,0,0,0,0,Leeds-United
Leo Fuhr Hjelde,NOR,DF,19,0,0,0,0,0,0,0,0,0,0,Leeds-United
Archie Gray,ENG,MF,16,0,0,0,0,0,0,0,0,0,0,Leeds-United
Darko Gyabi,ENG,MF,18,0,0,0,0,0,0,0,0,0,0,Leeds-United
Kristoffer Klaesson,NOR,GK,22,0,0,0,0,0,0,0,0,0,0,Leeds-United
Sonny Perkins,ENG,FW,18,0,0,0,0,0,0,0,0,0,0,Leeds-United
Joel Robles,ESP,GK,32,0,0,0,0,0,0,0,0,0,0,Leeds-United
Declan Rice,ENG,MF,23,15,15,1350,1,1,0,2,0,1.4,1.8,West-Ham-United
Jarrod Bowen,ENG,FW,25,15,15,1340,2,0,1,0,0,4.3,1.9,West-Ham-United
Tomáš Souček,CZE,MF,27,15,15,1307,1,1,0,1,0,2.5,0.6,West-Ham-United
Łukasz Fabiański,POL,GK,37,15,15,1243,0,0,0,0,0,0,0,West-Ham-United
Aaron Cresswell,ENG,DF,32,14,14,1240,0,0,0,2,0,0.2,2.5,West-Ham-United
Kurt Zouma,FRA,DF,28,14,14,1184,1,0,0,0,0,1.1,0,West-Ham-United
Thilo Kehrer,GER,DF,26,13,13,1170,0,0,0,4,0,0.3,0.2,West-Ham-United
Pablo Fornals,ESP,FW,26,14,9,776,1,0,0,0,0,0.6,1,West-Ham-United
Gianluca Scamacca,ITA,FW,23,13,9,755,2,0,0,3,0,2.1,0.6,West-Ham-United
Saïd Benrahma,ALG,FW,27,13,7,751,2,1,1,0,0,2.4,1.1,West-Ham-United
Vladimír Coufal,CZE,DF,30,9,7,685,0,0,0,1,0,0.1,0.6,West-Ham-United
Lucas Paquetá,BRA,MF,25,8,7,587,0,2,0,2,0,1.3,0.6,West-Ham-United
Michail Antonio,JAM,FW,32,14,6,607,2,1,0,1,0,2,0.4,West-Ham-United
Ben Johnson,ENG,DF,22,7,6,488,0,0,0,0,0,0,0.2,West-Ham-United
Craig Dawson,ENG,DF,32,5,5,450,0,0,0,2,0,0.1,0.1,West-Ham-United
Flynn Downes,ENG,MF,23,6,3,265,0,0,0,0,0,0.2,0,West-Ham-United
Emerson Palmieri,ITA,DF,28,7,3,224,0,0,0,1,0,0.1,0,West-Ham-United
Manuel Lanzini,ARG,MF,29,5,1,126,0,0,0,0,0,0.1,0,West-Ham-United
Maxwel Cornet,CIV,FW,26,5,1,91,0,0,0,0,0,0.5,0,West-Ham-United
Alphonse Areola,FRA,GK,29,2,0,107,0,0,0,0,0,0,0,West-Ham-United
Nayef Aguerd,MAR,DF,26,1,0,76,0,0,0,0,0,0.1,0,West-Ham-United
Angelo Ogbonna,ITA,DF,34,2,0,27,0,0,0,0,0,0,0.1,West-Ham-United
Conor Coventry,IRL,MF,22,1,0,1,0,0,0,0,0,0,0,West-Ham-United
Harrison Ashby,SCO,DF,21,0,0,0,0,0,0,0,0,0,0,West-Ham-United
Armstrong Okoflex,IRL,MF,20,0,0,0,0,0,0,0,0,0,0,West-Ham-United
Darren Randolph,IRL,GK,35,0,0,0,0,0,0,0,0,0,0,West-Ham-United
Nikola Vlašić,CRO,FW,25,0,0,0,0,0,0,0,0,0,0,West-Ham-United
James Tarkowski,ENG,DF,30,15,15,1350,0,0,0,2,0,0.8,0.8,Everton
Alex Iwobi,NGA,MF,26,15,15,1332,1,5,0,1,0,0.7,2.6,Everton
Demarai Gray,ENG,FW,26,15,15,1284,1,0,0,1,0,2.4,2.1,Everton
Vitaliy Mykolenko,UKR,DF,23,15,15,1283,0,0,0,2,0,0.4,0.5,Everton
Jordan Pickford,ENG,GK,28,14,14,1260,0,1,0,3,0,0,0.1,Everton
Conor Coady,ENG,DF,29,14,14,1250,1,1,0,1,0,0.6,0.3,Everton
Amadou Onana,BEL,MF,21,14,12,1035,0,1,0,4,0,1.7,1,Everton
Anthony Gordon,ENG,FW,21,14,11,983,3,0,0,6,0,2.7,0.6,Everton
Idrissa Gana Gueye,SEN,MF,33,10,9,738,0,0,0,3,0,0,0.1,Everton
Nathan Patterson,SCO,DF,21,10,8,767,0,0,0,1,0,0.5,0.3,Everton
Dwight McNeil,ENG,FW,23,15,8,734,2,0,0,2,0,0.6,1.2,Everton
Séamus Coleman,IRL,DF,34,8,7,605,0,0,0,0,0,0.2,0.2,Everton
Neal Maupay,FRA,FW,26,10,6,553,1,0,0,1,0,2,0.5,Everton
Dominic Calvert-Lewin,ENG,FW,25,6,4,339,1,0,0,1,0,1.5,0.2,Everton
Mason Holgate,ENG,DF,26,4,3,320,0,0,0,1,0,0.3,0.3,Everton
Tom Davies,ENG,MF,24,7,3,298,0,0,0,2,0,0.5,0.1,Everton
Abdoulaye Doucouré,MLI,MF,29,7,2,186,0,0,0,0,0,0.1,0,Everton
Salomón Rondón,VEN,FW,33,7,1,109,0,0,0,0,0,0.8,0.2,Everton
Asmir Begović,BIH,GK,35,1,1,90,0,0,0,0,0,0,0,Everton
Yerry Mina,COL,DF,28,1,1,69,0,0,0,1,0,0,0,Everton
Ben Godfrey,ENG,DF,24,1,1,17,0,0,0,0,0,0,0,Everton
James Garner,ENG,MF,21,6,0,142,0,0,0,1,0,0.1,0,Everton
Dele Alli,ENG,MF,26,2,0,40,0,0,0,0,0,0,0,Everton
Rúben Vinagre,POR,DF,23,2,0,26,0,0,0,0,0,0,0,Everton
Michael Keane,ENG,DF,29,1,0,23,0,0,0,0,0,0,0,Everton
Thomas Cannon,IRL,FW,19,1,0,17,0,0,0,0,0,0.1,0,Everton
Kyle Alex John,ENG,DF,21,0,0,0,0,0,0,0,0,0,0,Everton
Allan,BRA,DF,31,0,0,0,0,0,0,0,0,0,0,Everton
Jean-Philippe Gbamin,CIV,DF,27,0,0,0,0,0,0,0,0,0,0,Everton
André Gomes,POR,MF,29,0,0,0,0,0,0,0,0,0,0,Everton
Eldin Jakupović,SUI,GK,38,0,0,0,0,0,0,0,0,0,0,Everton
Stanley Mills,ENG,MF,19,0,0,0,0,0,0,0,0,0,0,Everton
Lewis Warrington,ENG,MF,20,0,0,0,0,0,0,0,0,0,0,Everton
Reece Welch,ENG,DF,19,0,0,0,0,0,0,0,0,0,0,Everton
Dean Henderson,ENG,GK,25,15,15,1350,0,0,0,2,0,0,0,Nottingham-Forest
Scott McKenna,SCO,DF,26,14,14,1260,0,0,0,4,0,0.1,0.8,Nottingham-Forest
Brennan Johnson,WAL,FW,21,15,13,1187,2,0,1,2,0,3.2,0.7,Nottingham-Forest
Neco Williams,WAL,DF,21,15,12,1078,0,0,0,3,0,0.9,1.2,Nottingham-Forest
Morgan Gibbs-White,ENG,FW,22,13,12,1036,2,2,0,1,0,2.2,2.1,Nottingham-Forest
Ryan Yates,ENG,MF,25,13,11,1033,0,1,0,3,0,1.5,0.6,Nottingham-Forest
Steve Cook,ENG,DF,31,12,11,957,0,0,0,4,0,0.1,0.6,Nottingham-Forest
Jesse Lingard,ENG,FW,29,13,10,809,0,0,0,1,0,1,0.7,Nottingham-Forest
Remo Freuler,SUI,MF,30,11,9,831,0,0,0,2,0,0.1,0.2,Nottingham-Forest
Cheikhou Kouyaté,SEN,MF,32,12,9,704,1,0,0,2,0,0.3,0.6,Nottingham-Forest
Joe Worrall,ENG,DF,25,11,7,717,0,0,0,4,0,0.2,0.5,Nottingham-Forest
Harry Toffolo,ENG,DF,27,8,6,577,0,0,0,0,0,0.2,0.4,Nottingham-Forest
Serge Aurier,CIV,DF,29,7,6,530,0,0,0,1,0,0,0.2,Nottingham-Forest
Lewis O'Brien,ENG,MF,24,11,6,525,1,0,0,2,0,0.3,0.2,Nottingham-Forest
Taiwo Awoniyi,NGA,FW,25,13,6,512,3,0,0,0,0,3.6,0.7,Nottingham-Forest
Renan Lodi,BRA,DF,24,7,6,505,0,0,0,1,0,0.4,0.1,Nottingham-Forest
Emmanuel Dennis,NGA,FW,25,9,3,345,1,1,0,2,0,0.6,0.3,Nottingham-Forest
Orel Mangala,BEL,MF,24,7,3,267,0,0,0,0,0,0.2,0,Nottingham-Forest
Moussa Niakhate,FRA,DF,26,2,2,160,0,0,0,0,0,0.3,0,Nottingham-Forest
Willy Boly,CIV,DF,31,2,2,152,0,0,0,1,0,0,0,Nottingham-Forest
Jack Colback,ENG,MF,33,4,1,147,0,0,0,0,0,0,0.2,Nottingham-Forest
Sam Surridge,ENG,FW,24,8,1,136,0,0,0,1,0,0.2,0.1,Nottingham-Forest
Giulian Biancone,FRA,DF,22,2,0,17,0,0,0,0,0,0,0,Nottingham-Forest
Alexander Mighten,ENG,FW,20,1,0,8,0,0,0,0,0,0,0,Nottingham-Forest
Cafú,POR,MF,29,1,0,7,0,0,0,0,0,0,0,Nottingham-Forest
Loïc Bade,FRA,DF,22,0,0,0,0,0,0,0,0,0,0,Nottingham-Forest
Oliver Hammond,WAL,MF,20,0,0,0,0,0,0,0,0,0,0,Nottingham-Forest
Wayne Hennessey,WAL,GK,35,0,0,0,0,0,0,0,0,0,0,Nottingham-Forest
Loïc Mbe Soh,FRA,DF,21,0,0,0,0,0,0,0,0,0,0,Nottingham-Forest
Dale Taylor,NIR,FW,18,0,0,0,0,0,0,0,0,0,0,Nottingham-Forest
Lyle Taylor,MSR,FW,32,0,0,0,0,0,0,0,0,0,0,Nottingham-Forest
Gavin Bazunu,IRL,GK,20,15,15,1350,0,0,0,0,0,0,0.1,Southampton
James Ward-Prowse,ENG,MF,28,15,15,1350,1,2,0,2,0,0.7,2.7,Southampton
Mohammed Salisu,GHA,DF,23,14,14,1260,0,1,0,4,0,0.7,0.5,Southampton
Che Adams,SCO,FW,26,14,12,1066,4,1,0,0,0,3.9,1.7,Southampton
Mohamed Elyounoussi,NOR,MF,28,14,12,985,0,1,0,2,0,2,1.3,Southampton
Kyle Walker-Peters,ENG,DF,25,11,11,952,1,0,0,2,0,0.7,0.7,Southampton
Armel Bella Kotchap,GER,DF,20,11,11,903,0,1,0,1,0,0.7,0.1,Southampton
Adam Armstrong,ENG,FW,25,14,11,869,1,1,0,0,0,1.1,0.7,Southampton
Joe Aribo,NGA,MF,26,15,10,944,2,0,0,1,0,1.4,0.8,Southampton
Romain Perraud,FRA,DF,25,13,10,851,2,2,0,1,0,0.9,1.5,Southampton
Stuart Armstrong,SCO,MF,30,14,7,690,1,0,0,2,0,1,1.5,Southampton
Roméo Lavia,BEL,MF,18,7,6,557,1,0,0,2,0,0.2,0.2,Southampton
Ibrahima Diallo,FRA,MF,23,9,6,450,0,0,0,1,0,0.1,0,Southampton
Moussa Djenepo,MLI,DF,24,10,5,526,0,1,0,0,0,0.1,0.2,Southampton
Duje Ćaleta-Car,CRO,DF,26,7,5,486,0,0,0,1,0,0.2,0,Southampton
Ainsley Maitland-Niles,ENG,MF,25,7,4,412,0,0,0,2,0,0,0.2,Southampton
Lyanco,BRA,DF,25,7,2,236,0,0,0,2,0,0.1,0,Southampton
Sekou Mara,FRA,FW,20,9,2,214,0,1,0,0,0,0.7,0.5,Southampton
Juan Larios,ESP,DF,18,5,2,152,0,0,0,0,0,0,0,Southampton
Theo Walcott,ENG,FW,33,3,1,113,0,0,0,1,0,0,0,Southampton
Oriol Romeu,ESP,MF,31,1,1,74,0,0,0,0,0,0,0,Southampton
Yan Valery,TUN,DF,23,1,1,45,0,0,0,0,0,0,0,Southampton
Samuel Edozie,ENG,MF,19,8,0,159,0,0,0,0,0,0.3,0.1,Southampton
Nathan Redmond,ENG,DF,28,1,0,1,0,0,0,0,0,0,0,Southampton
Ryan Finnigan,ENG,MF,19,0,0,0,0,0,0,0,0,0,0,Southampton
Alex McCarthy,ENG,GK,32,0,0,0,0,0,0,0,0,0,0,Southampton
Lewis Payne,ENG,DF,18,0,0,0,0,0,0,0,0,0,0,Southampton
Max Kilman,ENG,DF,25,15,15,1350,0,0,0,0,0,0.6,0,Wolverhampton-Wanderers
José Sá,POR,GK,29,15,15,1350,0,0,0,0,0,0,0,Wolverhampton-Wanderers
Rúben Neves,POR,MF,25,14,14,1260,4,0,2,6,0,2.3,0.4,Wolverhampton-Wanderers
Nathan Collins,IRL,DF,21,12,12,1022,0,0,0,2,1,0,0.1,Wolverhampton-Wanderers
Daniel Podence,POR,FW,27,15,12,1020,2,0,0,3,0,2.1,1.6,Wolverhampton-Wanderers
João Moutinho,POR,MF,36,13,11,997,0,0,0,2,0,0.8,1.5,Wolverhampton-Wanderers
Jonny Castro,ESP,DF,28,12,11,979,0,0,0,3,0,0.3,0.3,Wolverhampton-Wanderers
Matheus Nunes,POR,MF,24,12,11,857,0,1,0,1,0,1.1,1.2,Wolverhampton-Wanderers
Gonçalo Guedes,POR,FW,25,12,8,689,1,1,0,1,0,1.2,0.5,Wolverhampton-Wanderers
Nélson Semedo,POR,DF,29,13,8,675,0,1,0,3,1,0,0.2,Wolverhampton-Wanderers
Pedro Neto,POR,FW,22,8,8,599,0,0,0,1,0,0.7,1.2,Wolverhampton-Wanderers
Rayan Aït Nouri,FRA,DF,21,10,7,666,0,0,0,1,0,0.4,0.8,Wolverhampton-Wanderers
Adama Traoré,ESP,FW,26,12,6,622,1,0,0,0,0,0.6,1,Wolverhampton-Wanderers
Hugo Bueno,ESP,DF,20,6,5,451,0,1,0,1,0,0.1,0.4,Wolverhampton-Wanderers
Diego Costa,ESP,FW,34,6,5,412,0,0,0,0,1,1.7,0.2,Wolverhampton-Wanderers
Boubacar Traoré,MLI,MF,21,8,4,384,0,1,0,2,0,0.1,0.2,Wolverhampton-Wanderers
Hwang Hee-chan,KOR,FW,26,11,3,325,0,1,0,0,0,0.4,0.7,Wolverhampton-Wanderers
Toti Gomes,POR,DF,23,3,3,259,0,0,0,1,0,0,0.1,Wolverhampton-Wanderers
Raúl Jiménez,MEX,FW,31,3,2,212,0,0,0,0,0,0.8,0.4,Wolverhampton-Wanderers
Sasa Kalajdzic,AUT,FW,25,1,1,45,0,0,0,0,0,0.3,0,Wolverhampton-Wanderers
Joseph Hodge,IRL,MF,20,3,0,79,0,0,0,1,0,0.1,0,Wolverhampton-Wanderers
Chem Campbell,WAL,FW,19,5,0,74,0,0,0,0,0,0.1,0,Wolverhampton-Wanderers
Dexter Lembikisa,JAM,DF,19,1,0,23,0,0,0,0,0,0,0,Wolverhampton-Wanderers
Connor Ronan,IRL,MF,24,1,0,1,0,0,0,0,0,0,0,Wolverhampton-Wanderers
Luke Cundle,ENG,MF,20,0,0,0,0,0,0,0,0,0,0,Wolverhampton-Wanderers
Nathan Fraser,IRL,FW,17,0,0,0,0,0,0,0,0,0,0,Wolverhampton-Wanderers
Harvey Griffiths,ENG,MF,19,0,0,0,0,0,0,0,0,0,0,Wolverhampton-Wanderers
Yerson Mosquera,COL,DF,21,0,0,0,0,0,0,0,0,0,0,Wolverhampton-Wanderers
Matija Šarkić,MNE,GK,25,0,0,0,0,0,0,0,0,0,0,Wolverhampton-Wanderers
